epoch,segment,local_epoch,mode,loss,rmse,implicit_grad_seconds,n_adjoint_queries,used_cache,sto_cache_hits,sto_exact_queries,sto_cache_hit_rate,rho,rho_max_seen,kappa,eta,eta_max_seen,reason,grad_rate_norm,sto_kappa_recomputes,sto_warning_queries,midpoint_x,midpoint_y
0,0,0,sto,0.005201500840485096,0.07212143121489684,0.31046561000403017,100,0,0,100,0.0,nan,nan,inf,nan,nan,cold_start,0.008558575654622333,0,0,0.5,-0.17103464455077652
1,0,1,sto,0.005180092994123697,0.07197286290070513,0.05980918799468782,100,1,100,0,1.0,0.0002220738866449251,0.019747201156165583,1029.28552214689,0.22857743637051098,25.1696245071124,cache_hit,0.008517541235326512,0,0,0.5006373142444714,-0.16970795320305773
2,0,2,sto,0.005158373154699802,0.07182181531192178,0.05508611501136329,100,1,100,0,1.0,0.00029028084803658076,0.02878136684834321,1029.28552214689,0.298781874240574,36.301198008627836,cache_hit,0.008490193445573575,0,0,0.5005555317591457,-0.16937112815837707
3,0,3,sto,0.005136136896908283,0.07166684656735137,0.05925063100585248,100,1,100,0,1.0,0.0004021288943002346,0.043154440332591755,1029.28552214689,0.41390544894016845,53.14064268624112,cache_hit,0.008465111706365576,0,0,0.5003285142005657,-0.16922788019249613
4,0,4,sto,0.00511346897110343,0.0715085237653766,0.056268610002007335,100,1,100,0,1.0,0.0005573786351874475,0.06292067631611101,1029.28552214689,0.5737017595524327,74.10614239938266,cache_hit,0.00844030708924308,0,0,0.5000660392796887,-0.1691251922893283
5,0,5,sto,0.005090417340397835,0.07134716070312704,0.051379318989347667,100,1,100,0,1.0,0.0007289810896312649,0.0834601458294555,1029.28552214689,0.7503296814763253,96.53257107032172,cache_hit,0.008414271328412552,0,0,0.4998391411276639,-0.16896322595627805
6,0,6,sto,0.005067015998065472,0.07118297547915141,0.05668091900588479,100,1,100,0,1.0,0.000898685804811473,0.10315284742384391,1029.28552214689,0.9250042878513749,118.64714039626803,cache_hit,0.008385778672787097,0,0,0.4996976262282524,-0.1686712081207486
7,0,7,sto,0.005043312907218933,0.07101628621111451,0.05152768999687396,100,1,100,0,1.0,0.0010602777657220876,0.12157354565640777,1029.28552214689,1.0913285537119968,139.9119514592283,cache_hit,0.008354518729477914,0,0,0.49965023292752603,-0.16823566355994118
8,0,8,sto,0.005019352305680513,0.07084738743016931,0.06199549800658133,100,1,100,0,1.0,0.0012179346687398555,0.1391904339095172,1029.28552214689,1.2536025214547015,160.69581316076875,cache_hit,0.008321061440798071,0,0,0.4996699098660594,-0.1676935603823277
9,0,9,sto,0.0049951206892728806,0.070676167760235,0.08871960299438797,100,1,100,0,1.0,0.0013769273965399719,0.1568149038272299,1029.28552214689,1.4172514343060028,181.6727598437233,cache_hit,0.008286364954021195,0,0,0.49971319358804844,-0.16710545153672912
10,0,10,sto,0.004970526322722435,0.07050195970838283,0.06797353600268252,100,1,100,0,1.0,0.0015428742919884708,0.17521699814414507,1029.28552214689,1.5880581712363662,203.45157873344561,cache_hit,0.008251364623999492,0,0,0.4997365667273129,-0.16653253395716344
11,0,11,sto,0.004945435561239719,0.07032379086226595,0.06630429500364698,100,1,100,0,1.0,0.001719640301657859,0.19489921006426808,1029.28552214689,1.7700008657967445,226.41169946434027,cache_hit,0.008216638976162644,0,0,0.4997107506716891,-0.16601631198653977
12,0,12,sto,0.00491975387558341,0.07014095719038492,0.07092792500043288,100,1,100,0,1.0,0.0019078395147018425,0.21600457914591303,1029.28552214689,1.963711591062355,250.6756318518702,cache_hit,0.00818231988261611,0,0,0.4996287387698567,-0.16556688281276968
13,0,13,sto,0.004893453326076269,0.06995322241381215,0.07226892000471707,100,1,100,0,1.0,0.0021082498889548975,0.23843241841116453,1029.28552214689,2.1699910877690645,276.19619075708806,cache_hit,0.00814824658663801,0,0,0.4994988620003744,-0.1651724701291318
14,0,14,sto,0.004866576287895441,0.0697608506821372,0.06564289500238374,100,1,100,0,1.0,0.0023183751938722777,0.26184883041958223,1029.28552214689,2.3862700219572246,302.73760963482357,cache_hit,0.008113971293171988,0,0,0.49934230564770976,-0.16480271147113365
15,0,15,sto,0.004839205648750067,0.06956439929123277,0.06937109999125823,100,1,100,0,1.0,0.0025350654196191723,0.28583532827424596,1029.28552214689,2.6093061341092443,329.97358555058355,cache_hit,0.008078952266395597,0,0,0.4991833524576325,-0.1644224895906998
16,0,16,sto,0.004811449442058802,0.06936461231823329,0.06778467900585383,100,1,100,0,1.0,0.002754974985306951,0.309914497370144,1029.28552214689,2.835655866253285,357.5080788717624,cache_hit,0.008042558139132168,1,1,0.49904767413916873,-0.16399435900460652
17,0,17,sto,0.00478340731933713,0.06916218127949067,0.06743748900771607,100,1,100,0,1.0,0.0029748585543313342,0.33376094367446324,1029.28552214689,3.0619788404080692,385.059974733183,cache_hit,0.008004336034245798,7,7,0.49895195610724685,-0.1634935152959666
18,0,18,sto,0.004755130968987942,0.0689574576749168,0.07880185899557546,100,1,100,0,1.0,0.003194899298194936,0.35733195154847014,1029.28552214689,3.2884635923493066,412.58895764258773,cache_hit,0.007964190380909224,10,10,0.4988980660646233,-0.16291641821275946
19,0,19,sto,0.004726593382656574,0.06875022460077185,0.07576987599895801,100,1,100,0,1.0,0.003416750855662566,0.3809116001299044,1029.28552214689,3.516812188516477,440.33636751283535,cache_hit,0.007922446222169574,15,15,0.49887124446178793,-0.16228364764162678
20,0,20,sto,0.004697681870311499,0.0685396372204544,0.0826921650004806,100,1,100,0,1.0,0.003644332875834123,0.4049666557307226,1029.28552214689,3.751059066980002,468.6968253339258,cache_hit,0.007879659407901644,20,20,0.49884725954175085,-0.1616298000548285
21,0,21,sto,0.004668238572776318,0.06832450931237134,0.07540424999024253,100,1,100,0,1.0,0.0038820743651492326,0.42995803194812365,1029.28552214689,3.995762939945684,507.3096760411875,cache_hit,0.007836379867811362,30,30,0.49880228531356935,-0.16098927534749177
22,0,22,sto,0.0046381219290196896,0.06810375855281182,0.07092199200997129,100,1,100,0,1.0,0.004131920204181908,0.45617785953128415,1029.28552214689,4.252925644830659,488.4755104131316,cache_hit,0.0077929477287305175,31,31,0.4987217116052369,-0.16038329562815426
23,0,23,sto,0.004607288166880608,0.06787700764530363,0.06991282000672072,100,1,100,0,1.0,0.00439464522279223,0.4836452573154306,1029.28552214689,4.523344702792036,468.06862998791235,cache_hit,0.00774935867863119,32,32,0.4986055730601973,-0.159811782986024
24,0,24,sto,0.00457579642534256,0.0676446333816849,0.07496924999577459,100,0,99,1,0.99,0.0046688244756651134,0.5121424244002838,1029.28552214689,4.805553438247146,542.1523340612076,cache_hit,0.007708588940702166,33,33,0.49846630102531947,-0.15925636053307873
25,0,25,sto,0.0045434581115841866,0.06740517867036766,0.08533343499584589,100,0,95,5,0.95,0.004958512191979505,0.5233066106564909,1029.28552214689,5.103724810593344,580.544149972229,cache_hit,0.007680665345828238,31,31,0.49828403784184067,-0.15874630410725254
26,0,26,sto,0.004509520251303911,0.06715296159741513,0.08693615900119767,100,0,96,4,0.96,0.005280080660920005,0.5272581580897217,1029.28552214689,5.434710580052743,624.0591611983579,cache_hit,0.007652792056587714,32,32,0.49797158997794594,-0.15841201889579076
27,0,27,sto,0.004474157001823187,0.06688913964032717,0.07831582799553871,100,0,97,3,0.97,0.005632678459796447,0.5079109791258504,1029.28552214689,5.797634389577126,603.6261904019858,cache_hit,0.007621541173665661,32,32,0.49754646782685236,-0.15822931648214228
28,0,28,sto,0.004437664989382029,0.06661580134909456,0.08677878200251143,100,0,96,4,0.96,0.006012838811195228,0.5204233380237994,1029.28552214689,6.188927935366165,769.9743458152155,cache_hit,0.007592783462640384,34,34,0.4970365052699759,-0.1581573984274169
29,0,29,sto,0.004400296602398157,0.06633473149412876,0.10481772100320086,100,0,92,8,0.92,0.006417243193499481,0.5220450224302597,1029.28552214689,6.605175511164688,867.0265674274799,cache_hit,0.007573963577922419,26,26,0.4964633113932042,-0.15816417124151383
30,0,30,sto,0.004362189676612616,0.06604687484364885,0.09141910799371544,100,0,94,6,0.94,0.006846096824580371,0.5319296442200581,1029.28552214689,7.046588344756373,918.9393629848706,cache_hit,0.0075495749821946475,22,22,0.49583003772478396,-0.15824551651903818
31,0,31,sto,0.0043235402554273605,0.06575363302074921,0.06877860199892893,100,1,100,0,1.0,0.00729722459024253,0.48646303385590495,1029.28552214689,7.510927622590907,497.8325831872715,cache_hit,0.007504003381708802,25,25,0.49515243349193905,-0.15837754457468067
32,0,32,sto,0.004284820985049009,0.06545854401870706,0.07289094000589103,100,0,98,2,0.98,0.007751144361312502,0.514688119536176,1029.28552214689,7.97814067116946,528.9042190189118,cache_hit,0.0074637671723947275,26,26,0.4945194379402757,-0.1584248535904007
33,0,33,sto,0.004246383905410767,0.06516428397067497,0.08609940300812013,100,0,96,4,0.96,0.008182295091523713,0.5112577520920857,1029.28552214689,8.421917875638918,658.1024976904317,cache_hit,0.007425090126909447,30,30,0.4940298721629192,-0.15823760638626025
34,0,34,sto,0.004208266269415617,0.06487115128788463,0.08232765000138897,100,0,98,2,0.98,0.008581739864592274,0.5067251281707973,1029.28552214689,8.833060597455638,605.5912626472576,cache_hit,0.007376745921208062,32,32,0.49371900003684804,-0.15776121385633254
35,0,35,sto,0.004170600324869156,0.06458018523408829,0.07289555300667416,100,0,98,2,0.98,0.008944585504133339,0.5154056204450822,1029.28552214689,9.206532361009385,609.175387311223,cache_hit,0.007324291307284823,33,33,0.4935992920543896,-0.15697469724267277
36,0,36,sto,0.004133435897529125,0.06429180272421302,0.0740172630030429,100,0,99,1,0.99,0.009281982312474636,0.5151389422394185,1029.28552214689,9.553810011053653,701.9270012206026,cache_hit,0.007266071724514266,35,35,0.49362597380807655,-0.1559433289721622
37,0,37,sto,0.004096737131476402,0.06400575858058713,0.07452547599677928,100,0,98,2,0.98,0.009607349016213072,0.5115802684852977,1029.28552214689,9.88870524860028,701.1982527845229,cache_hit,0.007208758447042897,36,36,0.4937374871908603,-0.1547583846522283
38,0,38,sto,0.0040600113570690155,0.06371821840783855,0.0822749200015096,100,0,96,4,0.96,0.009943164139927555,0.5146168720117076,1029.28552214689,10.234354893557564,679.9260496840602,cache_hit,0.00715177122637701,38,38,0.49383884900007025,-0.15356337346313848
39,0,39,sto,0.004022420849651098,0.06342255789268593,0.09936375300458167,100,0,92,8,0.92,0.01030951706816676,0.5297671350063848,1029.28552214689,10.611436658590296,810.0774162473282,cache_hit,0.007132565669283748,33,33,0.4938418893861546,-0.15249320738984523
40,0,40,sto,0.00398258026689291,0.0631076878588727,0.09798560399212874,100,0,97,3,0.97,0.010735318498280652,0.5359347849697942,1029.28552214689,11.049707905915966,745.4967733887977,cache_hit,0.00709474535490549,36,36,0.49362552388946584,-0.15173691215486912
41,0,41,sto,0.003940605092793703,0.06277423908574044,0.08076358299877029,100,0,97,3,0.97,0.011212344176008308,0.519693965895296,1029.28552214689,11.540703529693351,755.604991235197,cache_hit,0.00704714880013392,36,36,0.4932246534506092,-0.15124402820924437
42,0,42,sto,0.00389695237390697,0.06242557467822759,0.09364846999233123,100,0,95,5,0.95,0.011729982155220269,0.5288603453744545,1029.28552214689,12.073500807409594,808.3005817265548,cache_hit,0.007014004067944038,35,35,0.4926886465224319,-0.1509391419711083
43,0,43,sto,0.0038519888184964657,0.06206439251693732,0.08792265999363735,100,0,95,5,0.95,0.01228363607337296,0.5292103360143227,1029.28552214689,12.64336876964406,907.8178165479851,cache_hit,0.006974762533757612,35,35,0.4920452766238966,-0.15077966422588363
44,0,44,sto,0.003806093242019415,0.06169354295239831,0.09389891898899805,100,0,94,6,0.94,0.012867340708011866,0.5443871020422302,1029.28552214689,13.244167499287926,796.5347019016309,cache_hit,0.006923692349146477,32,32,0.49132427760203357,-0.1507184608682377
45,0,45,sto,0.003759637475013733,0.0613158827304454,0.17003106599440798,100,0,92,8,0.92,0.013472184713269225,0.5434658174549019,1029.28552214689,13.866724677056663,833.7445481398634,cache_hit,0.00689294594070638,33,33,0.49056279555508364,-0.150695734782493
46,0,46,sto,0.0037127991672605276,0.06093274298159018,0.08361530301044695,100,0,96,4,0.96,0.014095760181924592,0.5239337385938279,1029.28552214689,14.508561878909594,686.6810560180347,cache_hit,0.0068393234676336475,33,33,0.4897774064999278,-0.15068452543350247
47,0,47,sto,0.0036658463068306446,0.06054623280461506,0.08753660299407784,100,0,96,4,0.96,0.0147254924982602,0.5337992140150899,1029.28552214689,15.15673623494186,741.8263295517464,cache_hit,0.0067832256331544025,36,36,0.48901411540839984,-0.15061123697288362
48,0,48,sto,0.0036189579404890537,0.060157775395114584,0.10075943800620735,100,0,93,7,0.93,0.015348808515386038,0.557865344984393,1029.28552214689,15.798306387091747,908.4434617208307,cache_hit,0.0067608713223873285,34,34,0.488322808113207,-0.1503968819835198
49,0,49,sto,0.003572010900825262,0.05976630238541834,0.08552619299734943,100,0,95,5,0.95,0.015965552071672665,0.5533103226801971,1029.28552214689,16.433111600454957,798.3587370217208,cache_hit,0.006715965449272674,36,36,0.48769877419999363,-0.15004858034410373
50,0,50,sto,0.0035250037908554077,0.05937174235994264,0.09894102299585938,100,0,92,8,0.92,0.016570270200968372,0.5507347239864308,1029.28552214689,17.05553921591878,909.6147622121068,cache_hit,0.006698716203925034,33,33,0.4871554350706081,-0.1495448162430396
51,0,51,sto,0.00347773265093565,0.05897230410061701,0.10547744799987413,100,0,94,6,0.94,0.01717415696711071,0.5134506513268507,1029.28552214689,17.677111121325193,784.1080653085269,cache_hit,0.006639033835812977,33,33,0.4866507066385624,-0.14895085641338465
52,0,52,sto,0.003430244280025363,0.05856828732364779,0.10747973401157651,100,0,96,4,0.96,0.01777493816193425,0.5526224683871225,1029.28552214689,18.295486507135173,641.3349222830961,cache_hit,0.006593988114689768,34,34,0.4861943382817636,-0.1482504549094812
53,0,53,sto,0.0033824900165200233,0.05815917826551561,0.09115811200172175,100,0,95,5,0.95,0.018375144191947412,0.5322465147044078,1029.28552214689,18.913269884132983,671.2106841837581,cache_hit,0.006547179247295043,38,38,0.48576968432065964,-0.14746871619975765
54,0,54,sto,0.003334387904033065,0.057744159046894644,0.9594341420015553,100,0,99,1,0.99,0.01898093180312962,0.5344651421595173,1029.28552214689,19.53679830181878,862.1057499935881,cache_hit,0.006470582780729748,42,42,0.4853541105955658,-0.14663993852161814
55,0,55,sto,0.003286043182015419,0.057324019241635694,0.37938395999663044,100,0,94,6,0.94,0.019589558622168518,0.5200902915879365,1029.28552214689,20.163249075045833,898.0845483396296,cache_hit,0.006410127648184397,38,38,0.4849636248043724,-0.1457378924700176
56,0,56,sto,0.003237389260903001,0.05689806025606673,0.19012115799705498,100,0,90,10,0.9,0.02020442615015241,0.540357719823447,1029.28552214689,20.7961233196379,855.9875386977482,cache_hit,0.006387676984154019,35,35,0.4845796785867956,-0.14479027298497543
57,0,57,sto,0.003188020084053278,0.05646255470710901,0.14574654099124018,100,0,88,12,0.88,0.020845822672943454,0.535286209908924,1029.28552214689,21.45630347450208,882.5357115730989,cache_hit,0.006360872649083048,29,29,0.48413117663368005,-0.14390739498243435
58,0,58,sto,0.003137649968266487,0.056014729922284616,0.09511322999605909,100,0,94,6,0.94,0.02152641596842012,0.5607002776061403,1029.28552214689,22.15682830000645,667.629199359464,cache_hit,0.006297239996795759,32,32,0.4835746594244301,-0.1431567356125385
59,0,59,sto,0.0030863613355904818,0.055555029795604303,0.08595041900116485,100,0,97,3,0.97,0.022242972304933138,0.5456818791307968,1029.28552214689,22.894369362981916,688.1982943430911,cache_hit,0.00621807782026285,35,35,0.48292480645801183,-0.14251369600853275
60,0,60,sto,0.0030343651305884123,0.055085071758039963,0.21972346100665163,100,0,95,5,0.95,0.02298592685509193,0.5565980685322454,1029.28552214689,23.659081725073516,803.971445211322,cache_hit,0.006138978189452096,36,36,0.48221372492510206,-0.14192556619589383
61,0,61,sto,0.0029818627517670393,0.054606435076527744,0.17345338199811522,100,0,94,6,0.94,0.023747731999274276,0.5642178123818801,1029.28552214689,24.44319673067743,737.0522892822107,cache_hit,0.006073630965043553,38,38,0.4814728538123832,-0.14134085903777266
62,0,62,sto,0.0029289554804563522,0.05411982520718588,0.12793372299347539,100,0,93,7,0.93,0.02452339650513721,0.5616311888906441,1029.28552214689,25.241576976605366,669.986087607579,cache_hit,0.006013686136028016,41,41,0.48071742383985683,-0.14073398956531522
63,0,63,sto,0.002875699894502759,0.05362555262654884,0.1171110630093608,100,0,91,9,0.91,0.02530998752606579,0.549738936445222,1029.28552214689,26.051203726297896,861.5870773256668,cache_hit,0.005952426008891673,42,42,0.4799560702702393,-0.14008986647853333
64,0,64,sto,0.0028221311513334513,0.05312373435041489,0.11053402700053994,100,0,91,9,0.91,0.02610595501510192,0.5477658750775568,1029.28552214689,26.8704815388624,888.167038932185,cache_hit,0.005907913974595373,38,38,0.4791942281334716,-0.13939861231572567
65,0,65,sto,0.002768220379948616,0.052613880107331146,0.1112340849940665,100,0,92,8,0.92,0.0269148120537319,0.5666768251297913,1029.28552214689,27.703026378210843,733.6357919790239,cache_hit,0.005852427577935037,41,41,0.47842173563857276,-0.13867459890376857
66,0,66,sto,0.002713976427912712,0.052095838873298814,0.11719656700734049,100,0,94,6,0.94,0.02773497971832374,0.5678813538434484,1029.28552214689,28.547213081108254,931.8327308169007,cache_hit,0.005775597849619802,42,42,0.4776378585342039,-0.13791713169544254
67,0,67,sto,0.0026594761293381453,0.05157010887460046,0.2421467990061501,100,0,89,11,0.89,0.028562777818964744,0.5706104403304133,1029.28552214689,29.399253681358733,1042.266616476352,cache_hit,0.00572277082650775,35,35,0.4768580076865021,-0.13710085168464675
68,0,68,sto,0.002604697598144412,0.051036238087700116,0.12438845400174614,100,0,93,7,0.93,0.029400262448455908,0.5816706218495143,1029.28552214689,30.261264485514538,832.7321704451202,cache_hit,0.005650195157663465,39,39,0.47607297948756905,-0.1362382353136764
69,0,69,sto,0.0025496757589280605,0.05049431412474142,0.6450856800074689,100,0,94,6,0.94,0.03024588799360241,0.565088442451888,1029.28552214689,31.131654616291407,833.467872407007,cache_hit,0.0055872033093593955,40,40,0.4752878214383441,-0.13531987364973813
70,0,70,sto,0.0024944129399955273,0.0499440981497867,0.3176419410010567,100,0,84,16,0.84,0.03110100899881761,0.5947833262997401,1029.28552214689,32.011818286643106,1004.4070503766535,cache_hit,0.005554101235361729,32,32,0.47449677917349825,-0.1343529589683624
71,0,71,sto,0.0024388141464442015,0.049384351230366504,0.13311047400929965,100,0,95,5,0.95,0.031975077831644605,0.5765351740715383,1029.28552214689,32.91148468163176,710.2673527395257,cache_hit,0.005456369574426505,35,35,0.4736659601304313,-0.13338670880446687
72,0,72,sto,0.0023829860147088766,0.048815837744618056,0.1379590639990056,100,0,94,6,0.94,0.03286146590841602,0.5794017355721012,1029.28552214689,33.82383109605621,723.2131619701499,cache_hit,0.005360064367319349,44,44,0.472817187425937,-0.13238576669834184
73,0,73,sto,0.0023270193487405777,0.0482391889312059,0.12475386098958552,100,0,89,11,0.89,0.03375569021954508,0.5789775675710974,1029.28552214689,34.744243233053126,798.8907650769735,cache_hit,0.005291855005716096,41,41,0.4719677434922287,-0.13132240725895025
74,0,74,sto,0.002270911354571581,0.04765408014610691,0.13604141300311312,100,0,89,11,0.89,0.0346590673648371,0.5897585570520587,1029.28552214689,35.67407624974059,885.1707223499402,cache_hit,0.005253794259134468,36,36,0.4711075664567823,-0.1302097245177977
75,0,75,sto,0.002214591484516859,0.047059446283576896,0.3598298779979814,100,0,87,13,0.87,0.035581185818922174,0.5694741831621917,1029.28552214689,36.623199424234826,830.6747328515905,cache_hit,0.005210589253914988,28,28,0.4702052517283691,-0.12909199315002373
76,0,76,sto,0.0021580406464636326,0.04645471608420003,0.1805952839931706,100,0,94,6,0.94,0.03652795895852658,0.525444120872396,1029.28552214689,37.59769930958719,1005.240787990027,cache_hit,0.0050865695490767355,33,33,0.469240734055847,-0.12799590023209712
77,0,77,sto,0.0021014173980802298,0.04584121942182853,0.1257053119916236,100,0,93,7,0.93,0.03748971207579801,0.5927999218154842,1029.28552214689,38.587617869074315,740.5866566843105,cache_hit,0.004987010609106093,41,41,0.468246555683297,-0.126870783960896
78,0,78,sto,0.002044820226728916,0.04521968848553599,0.11539354801061563,100,0,96,4,0.96,0.03846029026354359,0.6041541936410921,1029.28552214689,39.58661994583241,895.7815494748539,cache_hit,0.004872091737787243,48,48,0.4672378501702831,-0.1256926029504468
79,0,79,sto,0.0019883750937879086,0.04459119973478969,0.22781726699031424,100,0,83,17,0.83,0.03943354023125865,0.6268959569313421,1029.28552214689,40.58837204703145,832.2230673877247,cache_hit,0.004842915063932039,44,44,0.4662357351463371,-0.12443007414314713
80,0,80,sto,0.0019320142455399036,0.04395468400000054,0.15612542399321683,100,0,87,13,0.87,0.04041977559601757,0.6093329352155413,1029.28552214689,41.60348982940706,994.5927724141377,cache_hit,0.004793887660843036,33,33,0.4652011001438316,-0.1231372780197944
81,0,81,sto,0.0018757447833195329,0.043309869352372014,0.18901019399345387,100,0,85,15,0.85,0.04142566019160157,0.6014111740480581,1029.28552214689,42.638832280592254,1143.5432365179763,cache_hit,0.004711490667063947,29,29,0.46411264485802384,-0.12184218281614852
82,0,82,sto,0.00181965169031173,0.04265737556755842,0.1227856619952945,100,0,93,7,0.93,0.042449618624101605,0.5735422037429688,1029.28552214689,43.692777870444765,1284.6807943726128,cache_hit,0.0045891046003478445,31,31,0.4629741488886761,-0.12053639615063778
83,0,83,sto,0.001763878739438951,0.04199855639708288,0.11252680199686438,100,0,90,10,0.9,0.04348316326450441,0.5733035748589874,1029.28552214689,44.75659040530388,1235.3502319903703,cache_hit,0.004495015273246025,39,39,0.461809291673591,-0.11918489647803794
84,0,84,sto,0.0017085270956158638,0.041334333133798876,0.25637326399737503,100,0,85,15,0.85,0.044524561864585616,0.6255513339508812,1029.28552214689,45.82848690715151,1470.2698342485025,cache_hit,0.004449521722671707,35,35,0.46062223381839945,-0.11778123004311147
85,0,85,sto,0.0016536324983462691,0.040664880404917815,0.12832202199206222,100,0,94,6,0.94,0.045580451964549136,0.6195446415233417,1029.28552214689,46.91529930002219,1184.4578372473159,cache_hit,0.0043358776087518225,40,40,0.45939096426545084,-0.11635451918735339
86,0,86,sto,0.0015993330162018538,0.03999166183346041,0.11742715699074324,100,0,91,9,0.91,0.046643646846886606,0.6030403982772448,1029.28552214689,48.00963039963281,970.9209743094381,cache_hit,0.004235039886215661,40,40,0.4581304628158066,-0.11488373581170357
87,0,87,sto,0.0015457398258149624,0.039315897876240374,0.12668240199855063,100,0,88,12,0.88,0.04771246563944181,0.613962843414007,1029.28552214689,49.1097501086084,945.1069161088963,cache_hit,0.004136318832819656,45,45,0.45684771450714645,-0.11335919772582431
88,0,88,sto,0.0014929681783542037,0.0386389463929104,0.1414803739899071,100,0,84,16,0.84,0.04878355247766192,0.5872496684386476,1029.28552214689,50.21220428415045,1261.6833641194094,cache_hit,0.00408521112708086,36,36,0.45554889164625206,-0.1117731950406955
89,0,89,sto,0.0014410868752747774,0.0379616500599589,0.12256062199594453,100,0,86,14,0.86,0.04986349614174254,0.6080061124666143,1029.28552214689,51.323774662322904,1345.4575213944124,cache_hit,0.004005653488704629,31,31,0.4542118408951688,-0.11015551589774147
90,0,90,sto,0.0013902091886848211,0.037285509097836136,0.12121624800784048,100,0,88,12,0.88,0.05095110448774854,0.5945366976993647,1029.28552214689,52.443234186633,1077.9698541556445,cache_hit,0.0038854698657440497,31,31,0.45283172055647675,-0.10851314904309553
91,0,91,sto,0.0013404926285147667,0.03661273860987138,0.10467333599808626,100,0,93,7,0.93,0.052042323468598536,0.6241654916175765,1029.28552214689,53.56641008511379,1350.2360720430606,cache_hit,0.003773462151328312,43,43,0.4514249633721014,-0.10682667583645448
92,0,92,sto,0.0012920764274895191,0.03594546463031907,0.14465417398605496,100,0,87,13,0.87,0.05313203277548928,0.633537651154959,1029.28552214689,54.68803209804515,1432.9026812222612,cache_hit,0.003685417378855532,39,39,0.4499990818303246,-0.105089774435745
93,0,93,sto,0.0012450828216969967,0.035285731134510966,0.29840754000179004,100,0,80,20,0.8,0.05422061477912814,0.6116760364916406,1029.28552214689,55.80849379406028,1912.5923086292953,cache_hit,0.0036417015628175684,30,30,0.44855136709890736,-0.10330924956496343
94,0,94,sto,0.0011996034299954772,0.03463529168341848,0.10709094699996058,100,0,93,7,0.93,0.055315434797093097,0.5452538479652824,1029.28552214689,56.93537618790821,987.2237816217603,cache_hit,0.003516366134647069,35,35,0.44705771843059333,-0.10151782823815864
95,0,95,sto,0.0011558004189282656,0.033997064857547124,0.1499454870063346,100,0,85,15,0.85,0.05640819053288044,0.6664924154306926,1029.28552214689,58.06013384599709,1043.1366247486308,cache_hit,0.0034261655441530387,30,30,0.44553503547308587,-0.09969932074178423
96,0,96,sto,0.0011138004483655095,0.033373649011840305,0.13751211200724356,100,0,95,5,0.95,0.05749848785601999,0.6251980853674656,1029.28552214689,59.182361095540145,1241.4727185227118,cache_hit,0.0032902055630123755,45,45,0.44398509090716154,-0.09785686456460649
97,0,97,sto,0.0010737678967416286,0.03276839783604973,0.1847801050025737,100,0,80,20,0.8,0.05857792713132199,0.6581301036065724,1029.28552214689,60.29341231364522,1211.3083228274224,cache_hit,0.003225713985574739,37,37,0.4424297420346336,-0.09597332226853185
98,0,98,sto,0.001035805675201118,0.03218393504842312,0.12006652500713244,100,0,85,15,0.85,0.059649010038749284,0.6469422550063327,1029.28552214689,61.395862443279135,1467.4673897780663,cache_hit,0.00313952099452142,35,35,0.4408569948043981,-0.09407025269448034
99,0,99,sto,0.001000013086013496,0.03162298350904759,0.13117780300672166,100,0,88,12,0.88,0.06071043730409929,0.6259171024957519,1029.28552214689,62.488374160315864,1662.5627949866662,cache_hit,0.003052657233669484,31,31,0.43926775130174106,-0.09215451958243673
100,0,100,sto,0.0009664837853051722,0.031088322330180062,0.1103612989973044,100,0,92,8,0.92,0.06176081017493338,0.6271004209721938,1029.28552214689,63.56950774912125,2206.45360755941,cache_hit,0.00293831601976149,41,41,0.4376615424147596,-0.09023529902318858
101,0,101,sto,0.0009353174827992916,0.03058296066111474,0.11754089398891665,100,0,86,14,0.86,0.06279567571384036,0.5889515967905316,1029.28552214689,64.63467986568695,1994.7312102744515,cache_hit,0.0028530951002302828,40,40,0.4360542365592099,-0.08830614977598324
102,0,102,sto,0.0009065959020517766,0.030109731019253173,0.2688345630012918,100,0,89,11,0.89,0.06381097075843482,0.5921669514631253,1029.28552214689,65.67970835579551,1254.4375831251834,cache_hit,0.002758903915478967,40,40,0.434449292821747,-0.08637660623304833
103,0,103,sto,0.0008803511154837906,0.029670711408454477,0.12975160199857783,100,0,86,14,0.86,0.06480538207467981,0.6187079020947792,1029.28552214689,66.70324152666551,1721.592838967943,cache_hit,0.002676222585691897,36,36,0.4328537955754132,-0.08445139675698322
104,0,104,sto,0.0008566065225750208,0.029267841098636244,0.12219544801337179,100,0,90,10,0.9,0.0657742222886969,0.6331714234977299,1029.28552214689,67.700454732227,2131.194115073948,cache_hit,0.0025932295396299634,41,41,0.431274265665393,-0.08253614694039743
105,0,105,sto,0.0008353529847227037,0.028902473678263315,0.3057285600079922,100,0,87,13,0.87,0.0667185042798205,0.6538999518678967,1029.28552214689,68.67239051451455,1493.3586644934423,cache_hit,0.0025101276381743858,37,37,0.42971160477730824,-0.0806433788735266
106,0,106,sto,0.0008165717590600252,0.028575719747016438,0.39366856300330255,100,0,86,14,0.86,0.06763254068522995,0.6342194318082818,1029.28552214689,69.61319495331767,1622.631658628904,cache_hit,0.0024386734201458904,30,30,0.4281756176682992,-0.07877968187459612
107,0,107,sto,0.0008002003305591643,0.028287812403209343,0.17708952400425915,100,0,92,8,0.92,0.06851489709034611,0.6199754617840464,1029.28552214689,70.52139162647732,1228.4698629149707,cache_hit,0.002353339308250777,39,39,0.4266706002551385,-0.0769549998656829
108,0,108,sto,0.0007861442863941193,0.028038264682289437,0.12849294200714212,100,0,87,13,0.87,0.06936264087781653,0.6015539782382161,1029.28552214689,71.3939620334106,1609.6941918964114,cache_hit,0.0022828149651946835,39,39,0.42520693744677196,-0.0751732170578844
109,0,109,sto,0.0007742948946543038,0.027826154866497522,0.23606077799922787,100,0,89,11,0.89,0.0701726148198915,0.6199315636755697,1029.28552214689,72.2276564853046,1844.1171732401806,cache_hit,0.0022141629152322736,38,38,0.42379111863042335,-0.07344401467212101
110,0,110,sto,0.0007645112345926464,0.027649796284830858,0.2042652630043449,100,0,91,9,0.91,0.07094336965226962,0.5823545861528122,1029.28552214689,73.02098327539616,1788.3199685484572,cache_hit,0.0021458519678282995,35,35,0.4224288038426945,-0.07177755948473157
111,0,111,sto,0.0007566281128674746,0.027506873920303532,0.17809773299086373,100,0,95,5,0.95,0.07167272485386428,0.5648179805616674,1029.28552214689,73.77169802490006,1095.027827842611,cache_hit,0.002069700667041635,41,41,0.42112701361931915,-0.07018169633707406
112,0,112,sto,0.0007504578679800034,0.02739448608716731,0.21087680400523823,100,0,87,13,0.87,0.07235524594893705,0.5446643004686181,1029.28552214689,74.47420710661831,1230.4030964319084,cache_hit,0.002023652414509034,40,40,0.41989869551486414,-0.06865875248337165
113,0,113,sto,0.000745795201510191,0.027309251207424032,0.14429824000399094,100,0,90,10,0.9,0.07299148525647631,0.6060548211485428,1029.28552214689,75.12907901448924,1998.1105376572393,cache_hit,0.001974303302305859,44,44,0.41874647719880775,-0.06721688966852639
114,0,114,sto,0.0007424293435178697,0.02724755665225544,0.1718881309934659,100,0,93,7,0.93,0.07357938965044955,0.6035733426748098,1029.28552214689,75.73420049561243,2419.4105289590957,cache_hit,0.0019265929707929104,43,43,0.41767539703379564,-0.06586290232105055
115,0,115,sto,0.0007401508628390729,0.027205713790288116,0.14883360399107914,100,0,89,11,0.89,0.07412039405957775,0.5973013661446945,1029.28552214689,76.29104850134573,1148.5567305540171,cache_hit,0.001890102511473477,39,39,0.4166869217142861,-0.06460494341661584
116,0,116,sto,0.000738742935936898,0.027179825899679672,0.08795080400886945,100,0,95,5,0.95,0.07461258230213473,0.5444592269798776,1029.28552214689,76.79765073358054,1267.1880659883714,cache_hit,0.0018510447042781827,38,38,0.4157820108886813,-0.06344902293041067
117,0,117,sto,0.0007379995076917112,0.02716614635335147,0.080304695002269,100,0,96,4,0.96,0.0750575441867563,0.5254539282667198,1029.28552214689,77.25564355932872,1699.3496350660305,cache_hit,0.0018124312352757878,41,41,0.41495856164663697,-0.06240189496990102
118,0,118,sto,0.0007377351867035031,0.027161281021032553,0.1386432959989179,100,0,94,6,0.94,0.0754561787296559,0.5318926245994455,1029.28552214689,77.66595232296292,1764.0108500583276,cache_hit,0.0017824494079980388,42,42,0.4142191842473731,-0.06146502423722767
119,0,119,sto,0.000737770926207304,0.027161938925770818,0.48963109600299504,100,0,92,8,0.92,0.07580765460844786,0.5686908453057418,1029.28552214689,78.02772135638735,1964.5187492614182,cache_hit,0.0017608854215901146,38,38,0.41356375193727696,-0.06064069899992832
120,0,120,sto,0.0007379539310932159,0.02716530749123256,0.10392591801064555,100,0,97,3,0.97,0.07611296754648701,0.5357226192103985,1029.28552214689,78.34197554323516,1250.090130522857,cache_hit,0.0017367570375276759,39,39,0.41299238855576503,-0.05992937086671036
121,0,121,sto,0.000738155678845942,0.027169020572076978,0.0896384360094089,100,0,95,5,0.95,0.07637327532475964,0.5240051560561382,1029.28552214689,78.6099065707134,1223.4047876830903,cache_hit,0.0017213402015346122,37,37,0.41250569888142563,-0.05932837336603395
122,0,122,sto,0.0007382704061456025,0.02717113185249379,0.09037289601110388,100,0,95,5,0.95,0.07659068346690313,0.5288400597005558,1029.28552214689,78.83368162381856,1339.5748965667945,cache_hit,0.0017082531324302402,37,37,0.41210006157911316,-0.05883556890001455
123,0,123,sto,0.0007382178446277976,0.02717016460435596,0.0814801159867784,100,0,99,1,0.99,0.0767664005214543,0.5090944119859823,1029.28552214689,79.01454464406237,1343.4192933785005,cache_hit,0.0016938599786713777,37,37,0.41177253860084223,-0.058448567911533064
124,0,124,sto,0.0007379401940852404,0.027165054649038355,0.07793821800441947,100,0,99,1,0.99,0.07690261136230374,0.5236027933269801,1029.28552214689,79.15474449050815,1346.8215966016737,cache_hit,0.0016828109179483194,36,36,0.4115193919616985,-0.05816312100532002
125,0,125,sto,0.0007373990956693888,0.027155093365138498,0.07626847899518907,100,0,99,1,0.99,0.07700242163186087,0.5045076635769555,1029.28552214689,79.25747775592488,1445.5270306212433,cache_hit,0.0016754333195468153,36,36,0.41133601798243813,-0.05797466768137537
126,0,126,sto,0.0007365901838056743,0.02714019498466572,0.09439792099874467,100,1,100,0,1.0,0.07706725284774069,0.4978309269576472,1029.28552214689,79.32420758781316,1568.7531994755022,cache_hit,0.0016698137092563928,38,38,0.41121648284084933,-0.05787780501379382
127,0,127,sto,0.0007355069974437356,0.027120232252761695,0.08412115900136996,100,0,99,1,0.99,0.07710116955110248,0.5010686286881229,1029.28552214689,79.3591175595424,1459.1052088286199,cache_hit,0.001668180375275865,38,38,0.4111554863095335,-0.05786640476860872
128,0,128,sto,0.0007341715972870588,0.027095601068938456,0.08987268000782933,100,1,100,0,1.0,0.07710737798845355,0.4934957669068761,1029.28552214689,79.36550781422301,1421.039468974321,cache_hit,0.0016675330978953777,38,38,0.41114618504797734,-0.05793439160156369
129,0,129,sto,0.0007326032500714064,0.02706664460311633,0.0882494450052036,100,1,100,0,1.0,0.07708741711812438,0.4926123820908345,1029.28552214689,79.34496237938374,1402.5360628902206,cache_hit,0.0016690159657105049,38,38,0.4111833668417339,-0.05807434379863945
130,0,130,sto,0.0007308435160666704,0.027034117630628716,0.0728282899945043,100,1,100,0,1.0,0.07704455723115741,0.4908291481669921,1029.28552214689,79.3008473182478,1356.0656495020874,cache_hit,0.0016724211493383447,38,38,0.4112614173889241,-0.058278497877372715
131,0,131,sto,0.0007289278437383473,0.026998663739865855,0.07634912899811752,100,1,100,0,1.0,0.07698207414709314,0.4882439580978691,1029.28552214689,79.23653438444136,1459.1129690741186,cache_hit,0.0016775626784935613,35,35,0.41137547493070076,-0.05853892944946411
132,0,132,sto,0.0007268963963724673,0.02696101623404554,0.07130454199796077,100,1,100,0,1.0,0.07690237079564712,0.4849652930531634,1029.28552214689,79.15449687873138,1545.891136373482,cache_hit,0.0016842594179240545,35,35,0.4115206892963674,-0.05884767977242769
133,0,133,sto,0.0007247834582813084,0.02692180265660731,0.06785027800651733,100,1,100,0,1.0,0.07680784718899412,0.48109276553813063,1029.28552214689,79.05720509890234,1215.2089842889247,cache_hit,0.001692331387690149,35,35,0.41169223854230264,-0.059196952352372136
134,0,134,sto,0.0007226309971883893,0.02688179676264943,0.07116901699919254,100,1,100,0,1.0,0.07670087426565778,0.47672833005073534,1029.28552214689,78.94709941765052,986.6002192606575,cache_hit,0.001701612264733752,34,34,0.4118858692006615,-0.059579004477711445
135,0,135,sto,0.0007204664289020002,0.0268415057122733,0.06814949899853673,100,1,100,0,1.0,0.07658379937109291,0.47195973808421127,1029.28552214689,78.82659592366802,1212.9220334509223,cache_hit,0.001711929367230663,34,34,0.4120974984882781,-0.05998650349665128
136,0,136,sto,0.0007183209527283907,0.026801510269542472,0.06797562500287313,100,1,100,0,1.0,0.07645893752343183,0.46688099334978317,1029.28552214689,78.69807743160196,1183.3627333982486,cache_hit,0.0017231114713079942,34,34,0.41232288827819485,-0.06041272486268226
137,0,137,sto,0.0007162142428569496,0.026762179336835584,0.07019928400404751,100,1,100,0,1.0,0.07632770326896367,0.46157610714907443,1029.28552214689,78.56299991346815,1092.4618432172986,cache_hit,0.0017349824697480208,29,29,0.41255801420469834,-0.06085132651186405
138,0,138,sto,0.000714165042154491,0.02672386652702956,0.0720494020060869,100,1,100,0,1.0,0.07619318311871559,0.45612697890039805,1029.28552214689,78.42454027038077,1000.4660678011546,cache_hit,0.0017473709647923834,27,27,0.41279933226442445,-0.06129663214270461
139,0,139,sto,0.0007121882517822087,0.026686855412022766,0.06923952601209749,100,1,100,0,1.0,0.07605670915495931,0.45061628186015407,1029.28552214689,78.28406959533643,918.597913060574,cache_hit,0.0017601072418940327,26,26,0.4130430216094347,-0.06174359500164466
140,0,140,sto,0.0007102867239154875,0.026651204924271015,0.07286765500612091,100,1,100,0,1.0,0.07592041961195985,0.4451093757575269,1029.28552214689,78.14378874190707,797.9296462250429,cache_hit,0.0017730211455667699,25,25,0.4132857366400998,-0.06218785661342813
141,0,141,sto,0.0007084651151672006,0.026617008005544136,0.1294553579937201,100,1,100,0,1.0,0.07578555844348416,0.4396736086803802,1029.28552214689,78.00497809369523,780.9739248405442,cache_hit,0.0017859510869852545,22,22,0.4135243526502953,-0.06262553904399704
142,0,142,sto,0.0007067235419526696,0.026584272454830686,0.3611623830074677,100,1,100,0,1.0,0.07565417197580396,0.43436688871836815,1029.28552214689,77.86974390470598,872.9643415487907,cache_hit,0.0017987376881781212,20,20,0.4137558996325593,-0.06305297167690185
143,0,143,sto,0.0007050582207739353,0.026552932432669943,0.06935465498827398,100,1,100,0,1.0,0.07552655191420708,0.4292497002325244,1029.28552214689,77.73838642296882,961.8747208514786,cache_hit,0.0018112415771946988,21,21,0.4139778976619318,-0.06346784483711518
144,0,144,sto,0.00070346420397982,0.026522899614857723,0.06809201199212112,100,1,100,0,1.0,0.0754046672896833,0.42813572794459204,1029.28552214689,77.61293234357419,1046.8847813637196,cache_hit,0.0018233210577352779,21,21,0.4141880186888625,-0.06386728432538163
145,0,145,sto,0.0007019306067377329,0.026493973026666517,0.07479330099886283,100,1,100,0,1.0,0.0752904362993893,0.4274585772618053,1029.28552214689,77.49535603908406,1127.4304982839235,cache_hit,0.0018348599429291515,20,20,0.41438444016652043,-0.06424974676945243
146,0,146,sto,0.0007004553335718811,0.026466116707440875,0.06919221401039977,100,1,100,0,1.0,0.07518232702408464,0.42682418068020417,1029.28552214689,77.3840807272032,1197.1354781285252,cache_hit,0.0018457441076617257,21,21,0.414565289347724,-0.06461358714926133
147,0,147,sto,0.0006990201072767377,0.026438988393596638,0.06777902800240554,100,1,100,0,1.0,0.07508304684779245,0.4262369020476457,1029.28552214689,77.28189307910945,1267.7648051242832,cache_hit,0.001855893234263207,22,22,0.4147299203313658,-0.06495755251416568
148,0,148,sto,0.0006976214936003089,0.02641252531660517,0.07030544400913641,100,1,100,0,1.0,0.07499269890918181,0.4354476802564145,1029.28552214689,77.1888992539417,1117.238220703502,cache_hit,0.0018652240845080153,22,22,0.41487750480407154,-0.06528026346396681
149,0,149,sto,0.0006962521583773196,0.026386590503081665,0.06861918400682043,100,1,100,0,1.0,0.07491050982922957,0.4559173789407269,1029.28552214689,77.10430322386829,1252.5749187468234,cache_hit,0.0018736857450045664,24,24,0.41500765787387534,-0.0655812346020773
150,0,150,sto,0.0006948962691240013,0.026360885211312638,0.06914624299679417,100,1,100,0,1.0,0.07483738419489021,0.474509895003606,1029.28552214689,77.02903606714497,1381.2213781838789,cache_hit,0.0018812393581370092,25,25,0.4151205227257592,-0.06585990426254311
151,0,151,sto,0.000693551148287952,0.026335359277745805,0.09145321098912973,100,1,100,0,1.0,0.07477249083128423,0.49118935806847563,1029.28552214689,76.96224226750194,1482.3694332349348,cache_hit,0.0018878477797555702,27,27,0.41521616579917253,-0.06611549369242337
152,0,152,sto,0.0006922073662281036,0.026309834021295223,0.07991756699630059,100,0,99,1,0.99,0.07471668425509051,0.5060103517239124,1029.28552214689,76.90480136658515,1611.348029051079,cache_hit,0.001892865341460315,26,26,0.4152954893020732,-0.06634826787132259
153,0,153,sto,0.0006908621871843934,0.026284257402186453,0.0796597310109064,100,1,100,0,1.0,0.07466995691322711,0.42376603127151463,1029.28552214689,76.85670559011675,1411.3423019376773,cache_hit,0.0018975600730237146,26,26,0.4153575477496204,-0.06655846353679416
154,0,154,sto,0.0006895033875480294,0.026258396515172616,0.13385269900027197,100,1,100,0,1.0,0.07463140786319605,0.43023537142763185,1029.28552214689,76.81702761102726,1418.3682350772824,cache_hit,0.001901310589985334,26,26,0.415403976417685,-0.06674629233849129
155,0,155,sto,0.0006881337030790746,0.0262323026644455,0.08860709700093139,100,1,100,0,1.0,0.0746018265022702,0.4410547198131368,1029.28552214689,76.78657994450086,1399.2061266101707,cache_hit,0.0019041344849914856,26,26,0.41543550367077453,-0.06691179926484106
156,0,156,sto,0.0006867495249025524,0.026205906298057167,0.08717184299894143,100,1,100,0,1.0,0.07457857875307801,0.4500218688813047,1029.28552214689,76.76265137283485,1608.5247833325614,cache_hit,0.0019060786644094654,26,26,0.41545315008367595,-0.06705620016708398
157,0,157,sto,0.0006853445083834231,0.026179085323659097,0.07084357799612917,100,1,100,0,1.0,0.07456326812797584,0.45722297986752924,1029.28552214689,76.74689236808217,1378.4380161090953,cache_hit,0.0019071814199403255,26,26,0.4154581553204081,-0.06717999509953274
158,0,158,sto,0.0006839206907898188,0.026151877385568685,0.07034959900192916,100,1,100,0,1.0,0.07455408408435298,0.46277028955152005,1029.28552214689,76.73743936494638,1444.7362158673668,cache_hit,0.0019074910099862326,26,26,0.4154514338310682,-0.0672843322004674
159,0,159,sto,0.0006824734737165272,0.026124193264415407,0.07163847600168083,100,1,100,0,1.0,0.07455005992662354,0.4667744782336741,1029.28552214689,76.73329735765664,1650.309676509322,cache_hit,0.0019070613587121054,26,26,0.4154339817664082,-0.06737026383597962
160,0,160,sto,0.0006810097256675363,0.02609616304492935,0.06817784500890411,100,1,100,0,1.0,0.0745527511344946,0.469358630155882,1029.28552214689,76.73606737895541,1744.8931798000092,cache_hit,0.0019059501958971726,26,26,0.4154067171975114,-0.06743917183694556
161,0,161,sto,0.0006795251392759383,0.026067702991938863,0.07823471300071105,100,1,100,0,1.0,0.07456033619530106,0.4706631905393578,1029.28552214689,76.74387457222811,1748.8662889354928,cache_hit,0.0019042118975087325,26,26,0.4153701208067989,-0.0674930261096825
162,0,162,sto,0.0006780233234167099,0.026038880993942692,0.07616921400767751,100,1,100,0,1.0,0.07457265872000261,0.47080389050295296,1029.28552214689,76.7565579684997,1735.9993866342631,cache_hit,0.001901905661923258,26,26,0.415325104716585,-0.06753302899196013
163,0,163,sto,0.0006765035795979202,0.026009682420166536,0.2765214009996271,100,1,100,0,1.0,0.07458871995241213,0.46992757921191813,1029.28552214689,76.77308956248666,1487.5130061844525,cache_hit,0.0018990963922563089,26,26,0.41527239721214126,-0.06756111678904703
164,0,164,sto,0.0006749658496119082,0.025980104880694924,0.07271393800328951,100,1,100,0,1.0,0.07460838398431274,0.4681413033498216,1029.28552214689,76.793329465829,1710.3719218766823,cache_hit,0.001895828738115389,26,26,0.4152122627364024,-0.06757882010800742
165,0,165,sto,0.0006734177586622536,0.025950293999534062,0.06859114099643193,100,1,100,0,1.0,0.07463150002651667,0.4656018546838951,1029.28552214689,76.81712247339884,1415.2899523414728,cache_hit,0.0018921761823696601,26,26,0.4151454891010009,-0.06758816315240428
166,0,166,sto,0.0006718526710756123,0.025920120969540484,0.07017375899886247,100,1,100,0,1.0,0.07465708148738749,0.4624298544696028,1029.28552214689,76.84345310070854,1478.3559226726393,cache_hit,0.0018881911656545582,26,26,0.41507283534699546,-0.06759051733064468
167,0,167,sto,0.0006702767568640411,0.025889703684361495,0.07124317101261113,100,1,100,0,1.0,0.0746858397230367,0.4587397629019017,1029.28552214689,76.87305353630477,1671.744672326481,cache_hit,0.0018839289285892704,26,26,0.4149949604434979,-0.06758725989066391
168,0,168,sto,0.0006686938577331603,0.025859115563629787,0.07309366400295403,100,1,100,0,1.0,0.07471595266246282,0.4546660869137421,1029.28552214689,76.90404834888535,1543.5177566528916,cache_hit,0.0018794455144182391,26,26,0.414912274433397,-0.06758028839098444
169,0,169,sto,0.0006670980947092175,0.02582824219162461,0.07000232799327932,100,1,100,0,1.0,0.0747472991916343,0.45030809850910863,1029.28552214689,76.93631287753111,1369.7649924276968,cache_hit,0.0018747948218271664,26,26,0.41482609849790936,-0.06757021431548836
170,0,170,sto,0.000665496161673218,0.02579721228491982,0.09794874000363052,100,1,100,0,1.0,0.07478061098101828,0.4457775472212207,1029.28552214689,76.97060022006085,1571.0011998920395,cache_hit,0.0018700241043183847,26,26,0.4147368223065325,-0.0675585823687101
171,0,171,sto,0.0006638852646574378,0.025765971059857957,0.07341850800730754,100,1,100,0,1.0,0.07481324946853994,0.44118118120230465,1029.28552214689,77.00419454273167,1430.023253959449,cache_hit,0.0018651872294911545,26,26,0.4146454700946124,-0.06754635971717486
172,0,172,sto,0.0006622677319683135,0.02573456298382223,0.09260740299941972,100,1,100,0,1.0,0.0748468197408925,0.43660708434394774,1029.28552214689,77.03874793803868,1458.8526068706117,cache_hit,0.0018603283969951291,26,26,0.4145530486127124,-0.0675343064312647
173,0,173,sto,0.0006606424576602876,0.02570296593119727,0.07155378999595996,100,1,100,0,1.0,0.07487952804306729,0.43212850169665995,1029.28552214689,77.07241411992119,1279.2396583146788,cache_hit,0.00185548305433151,26,26,0.41446009117778027,-0.0675231985368783
174,0,174,sto,0.0006590118864551187,0.025671226820218752,0.0925050520017976,100,1,100,0,1.0,0.0749113095624535,0.42781468001031936,1029.28552214689,77.10512637769725,1287.3085516431058,cache_hit,0.0018506887584373419,26,26,0.4143674011576002,-0.06751368018761086
175,0,175,sto,0.0006573724094778299,0.02563927474555062,0.07100632600486279,100,1,100,0,1.0,0.07494294271591952,0.42493078194205547,1029.28552214689,77.13768592457967,1485.6145290284378,cache_hit,0.0018459800364971997,25,25,0.4142757029505322,-0.06750660970086057
176,0,176,sto,0.00065572903258726,0.025607206653347803,0.06938113599608187,100,1,100,0,1.0,0.07497267018277483,0.42508509377959347,1029.28552214689,77.16828397582395,1549.7012403310548,cache_hit,0.0018413804104668839,25,25,0.4141855267761825,-0.06750230314194981
177,0,177,sto,0.0006540768663398921,0.02557492651680337,0.08889271899533924,100,1,100,0,1.0,0.07500044225410077,0.4252279249548736,1029.28552214689,77.19686936675977,1432.5938297481232,cache_hit,0.0018369180490955008,25,25,0.41409745891061417,-0.06750121763878035
178,0,178,sto,0.0006524185882881284,0.025542485945736142,0.07306903800053988,100,1,100,0,1.0,0.07502706079746597,0.42536196119650166,1029.28552214689,77.22426744806621,1301.5858653365433,cache_hit,0.0018326082535330998,25,25,0.4140116268983574,-0.06750404732672347
179,0,179,sto,0.0006507507641799748,0.025509817015807363,0.07388216299295891,100,1,100,0,1.0,0.07505164188917995,0.42548414106175186,1029.28552214689,77.24956840988598,1247.7122417581227,cache_hit,0.0018284663525253812,24,24,0.4139282592995549,-0.06751131077387237
180,0,180,sto,0.0006490785162895918,0.025477019376088556,0.06725185200048145,100,1,100,0,1.0,0.07507415640605794,0.4255950029731681,1029.28552214689,77.27274227614663,1426.1306823162383,cache_hit,0.001824503756441242,25,25,0.4138479880654601,-0.06752282298486026
181,0,181,sto,0.0006473956163972616,0.025443970138271692,0.06805421299941372,100,1,100,0,1.0,0.07509457525734833,0.425693758298684,1029.28552214689,77.2937591041587,1308.8643149320087,cache_hit,0.001820724145518258,25,25,0.41377016698231034,-0.0675394436139402
182,0,182,sto,0.0006457066629081964,0.025410758802290743,0.06613537199154962,100,1,100,0,1.0,0.07511289591540418,0.42578253304504016,1029.28552214689,77.31261629225179,1225.9527890376075,cache_hit,0.0018171343428306681,26,26,0.4136951957840728,-0.06756120584197563
183,0,183,sto,0.0006440050783567131,0.02537725513834609,0.06859497999539599,100,1,100,0,1.0,0.07512825032785296,0.42585537477588686,1029.28552214689,77.32842036668639,1251.5574136208802,cache_hit,0.001813735232610733,26,26,0.41362289203890645,-0.06758853189482425
184,0,184,sto,0.0006422955775633454,0.025343551005400672,0.07030388400016818,100,1,100,0,1.0,0.07514232908465454,0.4259181582820344,1029.28552214689,77.34291142723208,1384.806825215648,cache_hit,0.0018105229860436909,26,26,0.4135530697151812,-0.06762134828673608
185,0,185,sto,0.0006405759486369789,0.02530960190593639,0.06958406799822114,100,1,100,0,1.0,0.07515429350578454,0.42596796914753443,1029.28552214689,77.35522623268206,1397.647153051492,cache_hit,0.0018074955679667228,26,26,0.4134859362267559,-0.06765945796357553
186,0,186,sto,0.0006388500332832336,0.025275482849655584,0.0694834440073464,100,1,100,0,1.0,0.07516415015485271,0.42600853465083727,1029.28552214689,77.3653715388648,1073.8982372989137,cache_hit,0.001804650101524831,26,26,0.4134209958807808,-0.06770318809855258
187,0,187,sto,0.0006371085182763636,0.02524100866202386,0.06897761899745092,100,1,100,0,1.0,0.0751727674517223,0.4260369963581244,1029.28552214689,77.37424119777272,1203.229512863466,cache_hit,0.0018019704755430034,26,26,0.4133581277883991,-0.0677525262820445
188,0,188,sto,0.0006353616481646895,0.025206381100124024,0.06701857500593178,100,1,100,0,1.0,0.07517846358898407,0.4260541736119088,1029.28552214689,77.38010414938842,1262.240054397914,cache_hit,0.0017994638453598679,26,26,0.4132977832555623,-0.06780662768665556
189,0,189,sto,0.0006336017977446318,0.02517144806610521,0.07392075899406336,100,1,100,0,1.0,0.07518295405099601,0.42606086911705393,1029.28552214689,77.38472611692505,1165.2036972832204,cache_hit,0.00179710764697425,26,26,0.4132390404681351,-0.06786597960612115
190,0,190,sto,0.0006318308878690004,0.025136246495230757,0.06944003299577162,100,1,100,0,1.0,0.07518542819790978,0.42605800273835975,1029.28552214689,77.38727272052307,1068.9475390180787,cache_hit,0.0017948997817128273,26,26,0.41318246270125947,-0.06792982715292258
191,0,191,sto,0.0006300511886365712,0.02510082047735833,0.07561998500023037,100,1,100,0,1.0,0.07518590753743454,0.42604568105258184,1029.28552214689,77.3877660977561,1413.8612208995403,cache_hit,0.0017928232186091501,26,26,0.41312736401946,-0.06799806496955622
192,0,192,sto,0.0006282590329647064,0.025065095909744817,0.07175248299608938,100,1,100,0,1.0,0.07518527785515977,0.42602408287466464,1029.28552214689,77.38711797490713,1125.8438175678236,cache_hit,0.0017908688889454048,26,26,0.4130739287445183,-0.06807029867834503
193,0,193,sto,0.0006264573894441128,0.025029130816792516,0.07004777200927492,100,1,100,0,1.0,0.07518272021580953,0.42599407388792665,1029.28552214689,77.38448543375304,1267.6328402197616,cache_hit,0.0017890314948106284,25,25,0.41302224405088256,-0.06814593686882792
194,0,194,sto,0.0006246434641070664,0.02499286826490842,0.06959409499540925,100,1,100,0,1.0,0.07517911417527094,0.42595655770546526,1029.28552214689,77.3807737884344,1169.7017476266915,cache_hit,0.0017872870335644134,25,25,0.41297175515074797,-0.06822483002013073
195,0,195,sto,0.0006228197598829865,0.024956357103611628,0.06730707199312747,100,1,100,0,1.0,0.07517450173345548,0.425911705530609,1029.28552214689,77.376026268852,1265.3419542865495,cache_hit,0.0017856267482584624,25,25,0.4129223594814868,-0.06830647977295709
196,0,196,sto,0.0006209825514815748,0.024919521493832395,0.06720415600284468,100,1,100,0,1.0,0.07516805897196999,0.4285334881563474,1029.28552214689,77.36939482773234,1248.8262455208037,cache_hit,0.0017840405098481782,25,25,0.41287388818869725,-0.06839084242360988
197,0,197,sto,0.0006191375432536006,0.024882474620776782,0.07065058499574661,100,1,100,0,1.0,0.07516067386991063,0.432283427359113,1029.28552214689,77.36179344910306,1261.5698644720478,cache_hit,0.0017825162395347614,25,25,0.412826269936474,-0.06847720426341654
198,0,198,sto,0.0006172817084006965,0.024845154626218297,0.07679214800009504,100,1,100,0,1.0,0.07515321583114777,0.43617070810661984,1029.28552214689,77.35411699778085,1095.802063904223,cache_hit,0.0017810372844651841,25,25,0.4127791503199043,-0.06856541421428598
199,0,199,sto,0.000615413358900696,0.024807526255164903,0.070344068997656,100,1,100,0,1.0,0.0751440281412723,0.4401786590314202,1029.28552214689,77.34466024161004,1267.0117176605734,cache_hit,0.0017795905801493653,25,25,0.4127320849834537,-0.06865541797332686
200,0,200,sto,0.0006135338335298002,0.024769615126800017,0.07069972799217794,100,1,100,0,1.0,0.07513482504975086,0.4442728951529916,1029.28552214689,77.33518763274803,1266.6331773342904,cache_hit,0.0017781658007287795,25,25,0.41268519570431916,-0.06874655456845408
201,0,201,sto,0.00061164511134848,0.02473145995182007,0.06854947299871128,100,1,100,0,1.0,0.07512479509019633,0.44844740522846793,1029.28552214689,77.32486394059084,1189.0759725252549,cache_hit,0.001776753304900544,25,25,0.4126378749825761,-0.06883902463755084
202,0,202,sto,0.0006097423029132187,0.024692960594331712,0.07574217200453859,100,1,100,0,1.0,0.07511395412795273,0.4526730582922755,1029.28552214689,77.31370549510736,1138.2825119276888,cache_hit,0.0017753379226278893,25,25,0.41259022926758443,-0.06893227256172328
203,0,203,sto,0.0006078295991756022,0.02465420043675321,0.0679065209988039,100,1,100,0,1.0,0.0751031764506384,0.4569352198244135,1029.28552214689,77.30261218788534,1269.9003365241686,cache_hit,0.0017739134362747475,25,25,0.4125419261415437,-0.0690261632019201
204,0,204,sto,0.0006059060688130558,0.024615159329426567,0.0723054070112994,100,1,100,0,1.0,0.07509163969822305,0.4612289797063728,1029.28552214689,77.29073757565163,1355.6890181696192,cache_hit,0.0017724718380335148,25,25,0.41249268290787955,-0.06912073599908271
205,0,205,sto,0.0006039704894647002,0.0245758110642294,0.07123465900076553,100,1,100,0,1.0,0.07508019998427651,0.4655331573052066,1029.28552214689,77.27896284370895,1135.9413850812973,cache_hit,0.0017710014499703343,25,25,0.4124425322014058,-0.06921559588738073
206,0,206,sto,0.0006020261207595468,0.02453622058833729,0.06787651500781067,100,1,100,0,1.0,0.07506888142461908,0.4698298984298424,1029.28552214689,77.26731281412201,1190.4374376467347,cache_hit,0.0017694920290172414,25,25,0.4123910397559495,-0.06931061167873274
207,0,207,sto,0.0006000669091008604,0.024496263166059847,0.06952771700161975,100,1,100,0,1.0,0.07505770218047879,0.47412449310004184,1029.28552214689,77.25580617997987,1402.04889792412,cache_hit,0.0017679458870836675,25,25,0.4123383298667196,-0.06940579181337157
208,0,208,sto,0.0005980971618555486,0.024456025062457486,0.08646803601004649,100,1,100,0,1.0,0.07504667149869125,0.47839527305578006,1029.28552214689,77.24445245891654,1308.2595052199058,cache_hit,0.0017663538430527821,25,25,0.41228427150982455,-0.06950082536562031
209,0,209,sto,0.0005961153074167669,0.024415472705167248,0.06873408000683412,100,1,100,0,1.0,0.0750349564483686,0.48262909680089144,1029.28552214689,77.23239432722822,1296.1930542369096,cache_hit,0.0017647113624478068,25,25,0.4122289580994818,-0.06959541503223238
210,0,210,sto,0.0005941225099377334,0.024374628406146695,0.06951197099988349,100,1,100,0,1.0,0.07502342095721114,0.48682912488171914,1029.28552214689,77.22052101318899,1128.9320643651756,cache_hit,0.0017630161405954743,25,25,0.41217230418773787,-0.06968962546273597
211,0,211,sto,0.0005921190022490919,0.024333495479463937,0.06837850400188472,100,1,100,0,1.0,0.07501206237989268,0.49098938404322945,1029.28552214689,77.20882979400291,1375.1353985184387,cache_hit,0.001761259953809206,25,25,0.4121139561596073,-0.0697834584408731
212,0,212,sto,0.0005901028052903712,0.024292031724217122,0.06844385199656244,100,1,100,0,1.0,0.07500089296969348,0.4951105902259571,1029.28552214689,77.19733328179396,1328.743754770437,cache_hit,0.0017594608229460117,26,26,0.41205475986368795,-0.06987663875461336
213,0,213,sto,0.0005880756070837379,0.024250270247643382,0.0686827239987906,100,1,100,0,1.0,0.0749899130780451,0.49919296879354624,1029.28552214689,77.18603183828554,1394.1913084866665,cache_hit,0.0017575956991712246,26,26,0.4119937177267133,-0.06996943702134208
214,0,214,sto,0.0005860347300767899,0.024208154206316307,0.07894903600390535,100,0,99,1,0.99,0.07497828503920208,0.5032289387223914,1029.28552214689,77.17406326625346,1158.653576318202,cache_hit,0.001755405883358128,25,25,0.41193142623397333,-0.07006155818354841
215,0,215,sto,0.0005839849472977221,0.024165780502556133,0.06907899599173106,100,1,100,0,1.0,0.07496771237971368,0.4277187637111494,1029.28552214689,77.16318098091146,1429.5081652636713,cache_hit,0.0017534055739426657,25,25,0.41186698590532544,-0.07015311807662208
216,0,216,sto,0.0005819220677949488,0.024123060912640187,0.0674671809974825,100,1,100,0,1.0,0.07495734225333463,0.43115918623545313,1029.28552214689,77.15250715996666,1252.3440915772371,cache_hit,0.0017513298791477082,25,25,0.41180021985912224,-0.07024445246552254
217,0,217,sto,0.0005798449274152517,0.02407996942305475,0.07145942500210367,100,1,100,0,1.0,0.07494717796628564,0.4345703302805583,1029.28552214689,77.14204520646419,1421.272791869339,cache_hit,0.0017491895091075657,25,25,0.41173187278637197,-0.0703351162610189
218,0,218,sto,0.0005777615588158369,0.024036671125924173,0.0732303020049585,100,1,100,0,1.0,0.07493722283311531,0.43796294128841157,1029.28552214689,77.13179853202094,1332.7460796247835,cache_hit,0.0017469880054863647,25,25,0.4116619005732881,-0.07042522999384063
219,0,219,sto,0.0005756632890552282,0.02399298416319296,0.07330280799942557,100,1,100,0,1.0,0.07492746811567881,0.4413391204380612,1029.28552214689,77.1217581425909,1585.9765079084564,cache_hit,0.0017447225755319038,26,26,0.41159022068678797,-0.07051483236360442
220,0,220,sto,0.0005735527956858277,0.023948962309165458,0.06956647700280882,100,1,100,0,1.0,0.07491706880028698,0.44469351043629574,1029.28552214689,77.11105427781786,1370.0795553646021,cache_hit,0.0017424033261315458,26,26,0.41151739516787345,-0.07060369557941228
221,0,221,sto,0.0005714297294616699,0.023904596408675673,0.06784516500192694,100,1,100,0,1.0,0.07490685906261083,0.4480416471634892,1029.28552214689,77.10054554264288,1409.3775029570083,cache_hit,0.0017400343733895854,26,26,0.4114434347299753,-0.07069208490685079
222,0,222,sto,0.0005692971171811223,0.0238599479710481,0.073780696009635,100,1,100,0,1.0,0.07489683608693358,0.451380830947844,1029.28552214689,77.09022903888946,1316.793328810672,cache_hit,0.0017376228990256166,26,26,0.4113685827752512,-0.07077988256291055
223,0,223,sto,0.0005671529215760529,0.02381497263437548,0.11151785199763253,100,1,100,0,1.0,0.07488698811417555,0.4547160974794978,1029.28552214689,77.08009266310711,1205.2252104959975,cache_hit,0.0017351670118317143,26,26,0.4112926477933485,-0.07086718293107197
224,0,224,sto,0.0005649965023621917,0.023769655074531302,0.1077791870047804,100,1,100,0,1.0,0.07487646513284803,0.4580796944453954,1029.28552214689,77.06926151077688,1336.928725140223,cache_hit,0.0017326728905163375,26,26,0.4112155303219533,-0.07095465539151641
225,0,225,sto,0.0005628291983157396,0.023724021546014065,0.09102297900244594,100,1,100,0,1.0,0.07486610003675569,0.4614386155267197,1029.28552214689,77.05859286743338,1342.238896381606,cache_hit,0.00173014488813814,27,27,0.4111377983043458,-0.071041524346745
226,0,226,sto,0.0005606507766060531,0.023678065305384497,0.08808618399780244,100,1,100,0,1.0,0.07485504028422042,0.46483585439363345,1029.28552214689,77.04720922427029,1598.3259885759678,cache_hit,0.0017275850118406864,28,28,0.4110589432211791,-0.07112866283737769
227,0,227,sto,0.0005584615282714367,0.02363179062769973,0.07234789300127886,100,1,100,0,1.0,0.0748441152506719,0.46826125431927645,1029.28552214689,77.03596424540983,1543.4465478298375,cache_hit,0.0017249974771039185,28,28,0.4109791440336091,-0.0712158804533478
228,0,228,sto,0.0005562593578360975,0.023585151215035648,0.06930827199539635,100,1,100,0,1.0,0.07483247897411291,0.47173911104893357,1029.28552214689,77.02398719441597,1588.9916057689077,cache_hit,0.0017223851829930182,28,28,0.41089835896821497,-0.07130362405223703
229,0,229,sto,0.0005540477577596903,0.023538219086406905,0.07023815301363356,100,1,100,0,1.0,0.07482179390373936,0.47527362817423274,1029.28552214689,77.01298920617735,1420.5131664193902,cache_hit,0.0017197449402442217,29,29,0.4108162133852152,-0.07139202622003359
230,0,230,sto,0.0005518242251127958,0.02349093921308375,0.06945324598927982,100,1,100,0,1.0,0.0748095467997547,0.4788743015972034,1029.28552214689,77.0003834393577,1412.232395701748,cache_hit,0.0017170884639350961,29,29,0.4107329971441133,-0.07148117081357408
231,0,231,sto,0.0005495900404639542,0.02344333680310792,0.06909946700034197,100,1,100,0,1.0,0.07479823612724687,0.48253905357606447,1029.28552214689,76.98874152789966,1475.3930660367494,cache_hit,0.0017144132892297184,29,29,0.4106488617111382,-0.07157105536993108
232,0,232,sto,0.0005473446799442172,0.023395398691713233,0.07313908000651281,100,1,100,0,1.0,0.0747861832343863,0.48627903036486264,1029.28552214689,76.97633565977829,1621.4811628621635,cache_hit,0.0017117176954036418,29,29,0.4105634554461381,-0.07166182596583708
233,0,233,sto,0.0005450892494991422,0.023347146495859877,0.06941442600509617,100,1,100,0,1.0,0.07477338613172735,0.49009214760545466,1029.28552214689,76.96316378728599,1636.4586627524686,cache_hit,0.0017090163009539068,29,29,0.4104772827496092,-0.07175348793492264
234,0,234,sto,0.0005428220028989017,0.02329854078904732,0.06960156200511847,100,1,100,0,1.0,0.07476068722441498,0.4939789318402233,1029.28552214689,76.95009298584229,1399.917675949804,cache_hit,0.0017062997592530783,29,29,0.4103901100444819,-0.07184607591881707
235,0,235,sto,0.0005405443371273577,0.023249609397307254,0.07003269100096077,100,1,100,0,1.0,0.07474723651223272,0.49794586483321496,1029.28552214689,76.93624836253053,1390.6058936192173,cache_hit,0.0017035780926067234,29,29,0.4103022083707257,-0.07193963465249534
236,0,236,sto,0.0005382576491683722,0.023200380366889938,0.0774428760050796,100,0,99,1,0.99,0.07473387577883975,0.5019896434089376,1029.28552214689,76.92249635308387,1401.89889295314,cache_hit,0.00170079266244848,28,28,0.4102133282234883,-0.07203413321873067
237,0,237,sto,0.0005359604838304222,0.023150820370570504,0.07239219899929594,100,0,99,1,0.99,0.07472061436361649,0.5026796505166574,1029.28552214689,76.9088465703914,1321.1478457708993,cache_hit,0.0016978071987632625,28,28,0.41012335929222493,-0.0721296248489605
238,0,238,sto,0.0005336518515832722,0.023100905860664257,0.07103365700459108,100,1,100,0,1.0,0.07470663362758839,0.49205028666468925,1029.28552214689,76.89445640120871,1400.8270810746653,cache_hit,0.0016950060997457357,28,28,0.41003119690710876,-0.07222636728659376
239,0,239,sto,0.0005313329747878015,0.023050661048824642,0.08327600600023288,100,1,100,0,1.0,0.07469276855082978,0.4965717531525453,1029.28552214689,76.88018527843762,1297.9884008556246,cache_hit,0.001692184310894258,28,28,0.40993774910321906,-0.07232386910811102
240,0,240,sto,0.0005290049011819065,0.02300010654718596,0.07411870099895168,100,0,99,1,0.99,0.0746790222632564,0.5011793414523845,1029.28552214689,76.86603642365507,1416.6631888492418,cache_hit,0.0016894285951976821,27,27,0.4098430776445432,-0.07242222058833195
241,0,241,sto,0.0005266659427434206,0.02294920353178778,0.0707715280004777,100,1,100,0,1.0,0.0746645742947331,0.4299288026832756,1029.28552214689,76.8511653388296,1172.4764219724211,cache_hit,0.0016865521489491792,27,27,0.4097472172198379,-0.07252117897477867
242,0,242,sto,0.0005243174382485449,0.02289797891187222,0.06979127900558524,100,1,100,0,1.0,0.07465025848145822,0.43021351982181444,1029.28552214689,76.83643027948801,1475.309359740882,cache_hit,0.0016836533833537383,27,27,0.40965015500898266,-0.07262082299869028
243,0,243,sto,0.0005219604936428368,0.02284645472809374,0.0780975699890405,100,1,100,0,1.0,0.07463525196688785,0.4304965323036569,1029.28552214689,76.82098429130285,1224.1941947584103,cache_hit,0.0016807352579273653,27,27,0.40955251704145523,-0.07272052268852344
244,0,244,sto,0.000519592605996877,0.022794574047278818,0.06491757200274151,100,1,100,0,1.0,0.07462038190719258,0.4307733139698482,1029.28552214689,76.80567875414505,1224.2092880304924,cache_hit,0.001677808470206402,27,27,0.40945468122434947,-0.07282046954608414
245,0,245,sto,0.0005172149976715446,0.022742361303777242,0.07711815999937244,100,1,100,0,1.0,0.07460481991186342,0.4310411885136601,1029.28552214689,76.78966101765702,1406.6394372039351,cache_hit,0.0016748746863252883,27,27,0.4093568001889673,-0.0729203178424015
246,0,246,sto,0.000514828774612397,0.022689838576164374,0.0678266530012479,100,1,100,0,1.0,0.07458772680857641,0.43129620982726197,1029.28552214689,76.77206733391515,1181.0978615158604,cache_hit,0.0016719437724723504,27,27,0.40925938727442784,-0.07302004062116567
247,0,247,sto,0.0005124330637045205,0.02263698442161677,0.08105649299977813,100,1,100,0,1.0,0.07457077286318577,0.4350417727587595,1029.28552214689,76.75461688338129,1293.6743039654398,cache_hit,0.0016690060627607567,27,27,0.4091617092319898,-0.07312012044864291
248,0,248,sto,0.0005100296693854034,0.022583836462952953,0.06906123299268074,100,1,100,0,1.0,0.07455310638248938,0.44178016715398405,1029.28552214689,76.73643303057321,1245.3699538669412,cache_hit,0.0016660672934548182,27,27,0.40906408725526167,-0.07322045145722235
249,0,249,sto,0.0005076159141026437,0.0225303331999916,0.0782671970082447,100,1,100,0,1.0,0.07453472538444192,0.44856078807148625,1029.28552214689,76.71751373540035,1324.8939689725205,cache_hit,0.0016631185090038496,28,28,0.4089658115470863,-0.07332135243075924
